epoch,time,train/box_loss,train/cls_loss,train/dfl_loss,metrics/precision(B),metrics/recall(B),metrics/mAP50(B),metrics/mAP50-95(B),val/box_loss,val/cls_loss,val/dfl_loss,lr/pg0,lr/pg1,lr/pg2,lr/pg3,lr/pg4,lr/pg5,lr/pg6,lr/pg7
1,731.762,1.57372,0.83928,1.14906,0.87883,0.79978,0.8518,0.49639,1.40134,0.64856,1.02364,0.00999513,0.00333171,0.00999513,0.00333171,0.00999513,0.00333171,0.00999513,0.00333171
2,4434.27,1.41434,0.66277,1.04932,0.88893,0.8178,0.86612,0.50102,1.41994,0.64046,1.02049,0.0197972,0.00659906,0.0197972,0.00659906,0.0197972,0.00659906,0.0197972,0.00659906
3,6737.41,1.42506,0.66765,1.04519,0.89219,0.80981,0.86325,0.50729,1.37541,0.64005,1.01603,0.0294012,0.00980041,0.0294012,0.00980041,0.0294012,0.00980041,0.0294012,0.00980041
4,8643.93,1.39839,0.66225,1.04048,0.89844,0.82554,0.87742,0.50838,1.40474,0.61381,1.01545,0.029109,0.009703,0.029109,0.009703,0.029109,0.009703,0.029109,0.009703
5,655.441,1.35859,0.63083,1.02852,0.89492,0.826,0.87454,0.51438,1.38781,0.59762,1.0094,0.028812,0.009604,0.028812,0.009604,0.028812,0.009604,0.028812,0.009604
6,4217.91,1.33368,0.61212,1.02296,0.90302,0.83289,0.8825,0.52395,1.3732,0.58369,1.00624,0.028515,0.009505,0.028515,0.009505,0.028515,0.009505,0.028515,0.009505
7,4936.48,1.31513,0.59918,1.01237,0.90208,0.83728,0.88297,0.53164,1.35139,0.57511,1.00041,0.028218,0.009406,0.028218,0.009406,0.028218,0.009406,0.028218,0.009406
8,8148.05,1.29108,0.58348,1.006,0.90698,0.8406,0.89173,0.5282,1.36524,0.56989,1.00071,0.027921,0.009307,0.027921,0.009307,0.027921,0.009307,0.027921,0.009307
9,653.984,1.2765,0.57369,1.00145,0.90189,0.84161,0.88287,0.52447,1.38256,0.5678,1.00229,0.027624,0.009208,0.027624,0.009208,0.027624,0.009208,0.027624,0.009208
10,4342.94,1.26877,0.56691,1.00042,0.90605,0.84792,0.89456,0.5377,1.34916,0.55825,0.99434,0.027327,0.009109,0.027327,0.009109,0.027327,0.009109,0.027327,0.009109
11,4999.07,1.26173,0.56003,0.99431,0.90352,0.84775,0.89121,0.53891,1.33779,0.55221,0.99389,0.02703,0.00901,0.02703,0.00901,0.02703,0.00901,0.02703,0.00901
12,7602.69,1.24697,0.55232,0.9909,0.908,0.84871,0.89466,0.53399,1.36404,0.55453,0.99591,0.026733,0.008911,0.026733,0.008911,0.026733,0.008911,0.026733,0.008911
13,8392.96,1.26384,0.56161,0.9985,0.9069,0.84698,0.8959,0.52889,1.38424,0.55684,0.99813,0.026436,0.008812,0.026436,0.008812,0.026436,0.008812,0.026436,0.008812
14,9074.94,1.25485,0.55769,0.99677,0.90617,0.84907,0.89663,0.5281,1.38731,0.55782,0.99819,0.026139,0.008713,0.026139,0.008713,0.026139,0.008713,0.026139,0.008713
15,9915.27,1.25372,0.55365,0.99256,0.91078,0.85323,0.89915,0.52914,1.39244,0.54854,0.99975,0.025842,0.008614,0.025842,0.008614,0.025842,0.008614,0.025842,0.008614
16,10579.9,1.2505,0.5493,0.9924,0.91399,0.85242,0.89825,0.53526,1.37434,0.54411,0.9948,0.025545,0.008515,0.025545,0.008515,0.025545,0.008515,0.025545,0.008515
17,12241.8,1.2428,0.54667,0.9914,0.90729,0.85511,0.8963,0.53632,1.36521,0.54573,0.99236,0.025248,0.008416,0.025248,0.008416,0.025248,0.008416,0.025248,0.008416
18,13101.4,1.2396,0.54422,0.99198,0.90994,0.85359,0.89848,0.53309,1.3805,0.54436,0.99664,0.024951,0.008317,0.024951,0.008317,0.024951,0.008317,0.024951,0.008317
19,13829.7,1.23302,0.53871,0.98725,0.91096,0.85666,0.89941,0.53301,1.38909,0.54136,0.99847,0.024654,0.008218,0.024654,0.008218,0.024654,0.008218,0.024654,0.008218
20,14556,1.23036,0.53778,0.98765,0.91159,0.85571,0.90028,0.53509,1.38497,0.53892,0.99486,0.024357,0.008119,0.024357,0.008119,0.024357,0.008119,0.024357,0.008119
21,16500.2,1.22744,0.5337,0.98548,0.91071,0.85876,0.9051,0.54562,1.34235,0.53458,0.9865,0.02406,0.00802,0.02406,0.00802,0.02406,0.00802,0.02406,0.00802
22,648.723,1.2148,0.52583,0.98054,0.91055,0.85821,0.89777,0.53705,1.37432,0.535,0.9943,0.023763,0.007921,0.023763,0.007921,0.023763,0.007921,0.023763,0.007921
23,654.063,1.17298,0.50045,0.96642,0.90885,0.86248,0.8984,0.53719,1.37562,0.53289,0.99694,0.023466,0.007822,0.023466,0.007822,0.023466,0.007822,0.023466,0.007822
24,6924.33,1.21484,0.52396,0.98134,0.9107,0.86049,0.90501,0.5433,1.35229,0.52938,0.98942,0.023169,0.007723,0.023169,0.007723,0.023169,0.007723,0.023169,0.007723
25,7663.06,1.21399,0.52405,0.97817,0.91021,0.85895,0.90191,0.54679,1.33242,0.52773,0.9853,0.022872,0.007624,0.022872,0.007624,0.022872,0.007624,0.022872,0.007624
26,10536.3,1.20428,0.51839,0.97584,0.91265,0.86104,0.90593,0.54073,1.35816,0.52744,0.99078,0.022575,0.007525,0.022575,0.007525,0.022575,0.007525,0.022575,0.007525
27,12650.2,1.21053,0.51886,0.97891,0.90892,0.86338,0.90593,0.53947,1.37039,0.5275,0.99231,0.022278,0.007426,0.022278,0.007426,0.022278,0.007426,0.022278,0.007426
28,13848.8,1.20319,0.51889,0.97807,0.90937,0.85596,0.90434,0.53669,1.3717,0.53457,0.9918,0.021981,0.007327,0.021981,0.007327,0.021981,0.007327,0.021981,0.007327
29,17925.7,1.20447,0.51628,0.9748,0.91127,0.863,0.90459,0.53763,1.37555,0.5296,0.99198,0.021684,0.007228,0.021684,0.007228,0.021684,0.007228,0.021684,0.007228
30,656.526,1.17294,0.4969,0.96565,0.91275,0.86306,0.90402,0.54331,1.35653,0.52096,0.99178,0.021387,0.007129,0.021387,0.007129,0.021387,0.007129,0.021387,0.007129
31,4887.14,1.18365,0.5015,0.97082,0.90996,0.86403,0.90553,0.54324,1.35612,0.52179,0.99105,0.02109,0.00703,0.02109,0.00703,0.02109,0.00703,0.02109,0.00703
32,5603.54,1.18456,0.50212,0.96818,0.91309,0.86148,0.90341,0.54942,1.3308,0.51909,0.98523,0.020793,0.006931,0.020793,0.006931,0.020793,0.006931,0.020793,0.006931
33,6262.98,1.17579,0.4976,0.96612,0.91123,0.86659,0.90643,0.54361,1.35371,0.5206,0.98972,0.020496,0.006832,0.020496,0.006832,0.020496,0.006832,0.020496,0.006832
34,14158.1,1.18202,0.49836,0.96896,0.91235,0.86515,0.90521,0.54211,1.36312,0.52001,0.99065,0.020199,0.006733,0.020199,0.006733,0.020199,0.006733,0.020199,0.006733
35,15002.1,1.17586,0.49871,0.96834,0.91277,0.86107,0.90731,0.53977,1.37118,0.52541,0.99157,0.019902,0.006634,0.019902,0.006634,0.019902,0.006634,0.019902,0.006634
36,19835.9,1.17952,0.49842,0.9661,0.91213,0.86576,0.90505,0.54039,1.36792,0.52242,0.99146,0.019605,0.006535,0.019605,0.006535,0.019605,0.006535,0.019605,0.006535
37,20503.9,1.19733,0.50679,0.97301,0.9147,0.86391,0.90729,0.54102,1.36835,0.52136,0.99035,0.019308,0.006436,0.019308,0.006436,0.019308,0.006436,0.019308,0.006436
38,22755.4,1.19245,0.50536,0.97247,0.91395,0.86656,0.90797,0.54491,1.35488,0.51861,0.98771,0.019011,0.006337,0.019011,0.006337,0.019011,0.006337,0.019011,0.006337
39,24902,1.19126,0.50314,0.97434,0.91395,0.86584,0.90769,0.54404,1.36319,0.51731,0.99007,0.018714,0.006238,0.018714,0.006238,0.018714,0.006238,0.018714,0.006238
40,654.483,1.15671,0.48429,0.96,0.91263,0.86712,0.90599,0.54508,1.35446,0.51526,0.98952,0.018417,0.006139,0.018417,0.006139,0.018417,0.006139,0.018417,0.006139
